2019-04-09, 542
2019-04-25, 539
2019-04-08, 415
2019-04-10, 547
2019-04-15, 422
2019-03-28, 470
2019-03-29, 502
2019-04-30, 574
2019-03-27, 436
2019-04-05, 492
2019-04-24, 553
2019-04-26, 514
2019-04-12, 521
2019-04-22, 288
2019-04-17, 583
2019-04-03, 497
2019-04-29, 459
2019-03-14, 437
2019-03-15, 455
2019-03-13, 434
2019-03-26, 421
2019-04-01, 338
2019-03-20, 470
2019-04-11, 540
2019-03-06, 471
2019-04-16, 556
2019-03-25, 352
2019-04-04, 508
2019-04-19, 485
2019-04-23, 527
2019-03-11, 390
2019-03-22, 404
2019-03-01, 486
2019-03-21, 480
2019-03-18, 401
2019-04-02, 480
2019-03-08, 448
2019-03-05, 433
2019-03-04, 317
2019-03-12, 458
2019-03-19, 458
2019-03-07, 479
