2019-06-27, 524
2019-06-28, 310
2019-06-26, 539
2019-06-10, 325
2019-06-20, 451
2019-06-12, 420
2019-06-14, 454
2019-06-21, 320
2019-05-14, 471
2019-06-25, 364
2019-06-17, 502
2019-04-09, 542
2019-04-25, 539
2019-04-08, 415
2019-05-23, 377
2019-06-04, 395
2019-04-10, 547
2019-04-15, 422
2019-05-20, 369
2019-06-05, 411
2019-03-28, 470
2019-05-21, 535
2019-03-29, 502
2019-04-30, 574
2019-03-27, 436
2019-04-05, 492
2019-06-18, 356
2019-06-24, 374
2019-05-29, 467
2019-04-24, 553
2019-05-10, 382
2019-04-26, 514
2019-05-22, 383
2019-05-03, 368
2019-05-09, 404
2019-04-12, 521
2019-04-22, 288
2019-04-17, 583
2019-06-07, 444
2019-05-02, 532
2019-05-28, 542
2019-04-03, 497
2019-06-13, 471
2019-06-19, 351
2019-05-15, 497
2019-04-29, 459
2019-03-14, 437
2019-03-15, 455
2019-06-03, 340
2019-03-13, 434
2019-03-26, 421
2019-04-01, 338
2019-01-28, 516
2019-02-22, 358
2019-01-31, 474
2019-01-17, 348
2019-06-11, 367
2019-06-06, 460
2019-05-24, 378
2019-03-20, 470
2019-04-11, 540
2019-01-11, 448
2019-05-01, 421
2019-01-08, 364
2019-02-08, 402
2019-02-20, 471
2019-02-19, 490
2019-02-27, 381
2019-03-06, 471
2019-05-06, 532
2019-04-16, 556
2019-03-25, 352
2019-04-04, 508
2019-02-12, 385
2019-01-09, 518
2019-02-04, 318
2019-02-13, 467
2019-05-31, 371
2019-04-19, 485
2019-04-23, 527
2019-05-27, 401
2019-05-08, 441
2019-05-30, 355
2019-05-13, 301
2019-02-06, 415
2019-01-29, 311
2019-02-21, 301
2019-03-11, 390
2019-02-07, 501
2019-01-24, 378
2019-01-16, 383
2019-02-25, 353
2019-02-05, 315
2019-01-21, 373
2019-03-22, 404
2019-05-17, 549
2019-03-01, 486
2019-03-21, 480
2019-01-23, 379
2019-01-18, 336
2019-05-16, 443
2019-03-18, 401
2019-04-02, 480
2019-02-28, 386
2019-01-14, 422
2019-03-08, 448
2019-02-01, 407
2019-01-25, 345
2019-01-30, 484
2019-05-07, 380
2019-03-05, 433
2019-03-04, 317
2019-03-12, 458
2019-01-15, 356
2019-02-15, 396
2019-03-19, 458
2019-02-11, 444
2019-01-22, 319
2019-01-10, 541
2019-02-18, 318
2019-03-07, 479
2019-02-26, 317
2019-02-14, 405
2019-01-01, 396
2019-01-02, 364
2019-01-03, 396
2019-01-04, 380
2019-01-07, 356
